{
  "project_info": {
    "project_number": "333128297265",
    "firebase_url": "https://statusio1-eb43c.firebaseio.com",
    "project_id": "statusio1-eb43c",
    "storage_bucket": "statusio1-eb43c.appspot.com"
  },
  "client": [
    {
      "client_info": {
        "mobilesdk_app_id": "1:333128297265:android:2fd58319ec51b97c",
        "android_client_info": {
          "package_name": "com.statusio.statusio"
        }
      },
      "oauth_client": [
        {
          "client_id": "333128297265-g5inb544qmfl29b14kanc4d10ub81vjl.apps.googleusercontent.com",
          "client_type": 1,
          "android_info": {
            "package_name": "com.statusio.statusio",
            "certificate_hash": "0ac2c3236e224a7cfe39ad266254b6567d76998d"
          }
        },
        {
          "client_id": "333128297265-dmm0ofujf5e5td2qv2r6lst7r7n39gol.apps.googleusercontent.com",
          "client_type": 3
        }
      ],
      "api_key": [
        {
          "current_key": "AIzaSyDpv_PyGSVs07oLg7ljaHw8elRdDUgYNnU"
        }
      ],
      "services": {
        "analytics_service": {
          "status": 1
        },
        "appinvite_service": {
          "status": 2,
          "other_platform_oauth_client": [
            {
              "client_id": "333128297265-dmm0ofujf5e5td2qv2r6lst7r7n39gol.apps.googleusercontent.com",
              "client_type": 3
            }
          ]
        },
        "ads_service": {
          "status": 2
        }
      }
    }
  ],
  "configuration_version": "1"
}